english,norwegian,eng_length,nor_length,length_ratio
Summary for AllClimate Change 2021: WORKING GROUP I TECHNICAL SUPPORT UNIT This document has not been subject to formal IPCC review processes. Version 3 - 12 December 2022 • Climate Change 2021: Summary for All •3 /,SammendragKlimaendringer 2021: for alle WORKING GROUP I TECHNICAL SUPPORT UNIT Dette dokumentet har ikke vært gjennom IPCCs formelle godkjenningsprosess. • Klimaendringer 2021: Sammendrag for alle •3 /,215,201,0.9348837209302325
"Weather, Climate and the IPCC No matter where we live, we all experience weather: how the conditions of our atmosphere change over minutes, hours, days, weeks. We also all experience climate: the weather of a place averaged over several decades. Climate change is when these averaged conditions start to change and its causes can be either natural or caused by human activities. Rising temperatures, variations in rainfall, increased extreme weather events are all examples of climate changes, but there are many others. Back in 1990, the first report by the Intergovernmental Panel on Climate Change (IPCC) concluded that human-caused climate change would soon become apparent but could not yet confirm that it was already happening. Now, some 30 years later, the evidence is overwhelming that human activities have changed the climate. Hundreds of scientists from all over the world come together to produce IPCC reports. They base their conclusions on several kinds of scientific evidence, including: • Measurements or observations, sometimes spanning more than a century back in time; • Paleo (very old) climate evidence from thousands or millions of years ago (for example: tree rings, rock or ice cores); • Computer models that look at past, current and future changes (see box What are climate models? on page 9 ); • Understanding of how the climate works (physical, chemical and biological processes). Since the IPCC first started, we now have much more data and better climate models. We understand more now about how the atmosphere interacts with the ocean, ice, snow, ecosystems and land of the Earth. Computer climate simulations have considerably improved and now provide past change and future projections that are much more detailed. Plus, we have now had decades more greenhouse gas emissions, making the effects of climate change more apparent (see box What are greenhouse gases? on page 6). As a result, the latest IPCC report is able to confirm and strengthen the conclusions from previous reports. What’s covered in this summary? • Climate Change Today: what changes have already occurred and how we know humans are responsible; • Our Future Climate: what changes could happen in the future depending on the actions we take; • Limiting Future Climate Change: what is required to stop global temperature from continuing to rise. • Climate Change 2021: Summary for All •4 /Climate change today Global warming has already caused widespread, rapid and intensifying changes. Some changes are unprecedented in thousands or even millions of years Climate change is more than simply the world getting hotter; we are experiencing widespread changes across the atmosphere, land, ocean and ice regions. The list below and Graphic A give an overview of climate changes we are observing across the globe. Atmosphere • The average temperature of the Earth’s surface between 2011 and 2020 was 1.1ºC (2°F) warmer than the average temperature in the late 19th century (before the industrial revolution) and warmer than at any time in the last 100,000 years. • Each of the last four decades has been warmer than any previous decade since 1850. The world is warming faster than at any time in at least the last two thousand years. • The levels of greenhouse gases in the air are continuing to rise because of our emissions. Carbon dioxide concentrations are at their highest in at least the last 2 million years. Methane and nitrous oxide concentrations are at their highest in at least 800,000 years (see box What are greenhouse gases? on page 6 ). Land • Rainfall over the land has increased since the 1950s. In the tropical regions, it is raining more during wet seasons and raining less during dry seasons. • Many plant species and animal species have moved closer to the poles and to higher elevations, to follow the shifts in climate zones. • For some Northern Hemisphere plant species, the growing season has become longer (up to 14 days longer since the 1950s) and, overall, the surface of the land has become greener since the early 1980s. Ice • Many of the frozen parts of the Earth are rapidly melting or thawing (defrosting). Overall, snowfall is decreasing. The widespread retreat of glaciers since 1950 has not been seen in at least 2000 years. • The area of the Arctic Ocean covered by sea ice in the summer is now 40% smaller than in the 1980s. It is the smallest it has been for at least one thousand years. • Snow cover in the Northern Hemisphere has decreased since the late 1970s, and some of the ground areas usually frozen all year round have warmed and thawed (defrosted).","Vær, Klima og IPCC Uansett hvor vi bor, opplever vi alle vær: Hvordan forholdene i atmosfæren endrer seg i løpet av minutter, timer, dager, uker. Vi opplever også klimaet: Det gjennomsnittlige været over flere tiår. Klimaendringer er når disse gjennomsnittlige forholdene begynner å endre seg, og årsakene til det kan være enten naturlige variasjoner eller menneskelig aktivitet. Økende temperaturer, variasjoner i nedbør og økt ekstremvær er alle eksempler på klimaendringer, men det finnes også mange andre. Allerede i 1990 konkluderte den første rapporten fra Intergovernmental Panel on Climate Change (IPCC) at menneskeskapte klimaendringer snart ville bli tydelige, men kunne ennå ikke bekrefte at de allerede fant sted. Nå, 30 år senere, har vi bunnsolid dokumentasjon på at menneskelig aktivitet har endret klimaet. Hundrevis av forskere fra hele verden kommer sammen for å skrive IPCC-rapportene. De har vitenskapelig belegg for konklusjonene sine, som inkluderer: • Målinger og observasjoner, som noen ganger strekker seg mer enn ett århundre tilbake i tid; • Paleodata, som er informasjon om klimaforholdene fra tusenvis eller millioner av år tilbake (for eksempel årringer, stein eller iskjerner); • Datamodeller som ser på tidligere, nåværende og fremtidige endringer (se boksen Hva er klimamodeller? på side 9) • Forståelse av hvordan klimaet fungerer (fysiske, kjemiske og biologiske prosesser). Vi har mye bedre data og klimamodeller i dag enn da IPCC startet sitt arbeid. Vi forstår mer i dag om hvordan atmosfæren spiller sammen med hav, is, snø, økosystemer og jorda. Datasimuleringer om klima har blitt betraktelig forbedret og kan si noe om endringer i fortiden og fremtidige framskrivninger mer detaljert. I tillegg har vi nå hatt flere tiår mer klimagassutslipp, noe som gjør effektene av klimaendringer tydeligere (se boksen Hva er klimagasser? på side 6). Som et resultat kan den siste IPCC-rapporten bekrefte og styrke konklusjonene fra tidligere rapporter. Hva dekkes i dette sammendraget? • Klimaendringer i dag: Hvilke endinger har allerede skjedd og hvordan vet vi at mennesker er ansvarlig for dem; • Vårt fremtidige klima: Hvilke endringer kan inntreffe i fremtiden avhengig av valgene vi tar; • Redusere fremtidige klimaendringer: Hva trengs for å hindre den globale temperaturen fra å fortsette å stige. • Klimaendringer 2021: Sammendrag for alle •4 /Klimaendringer i dag Global oppvarming har allerede forårsaket utbredte, raske og intense endringer. Noen av disse er uten sidestykke i de siste tusener eller til og med millioner av år Klimaendringer innebærer mer enn at verden blir varmere; vi opplever utbredte endringer i atmosfæren, på land, i hav og i områder med is og snø. Listen under og Grafikk A gir en oversikt over klimaendringer vi ser rundt om på kloden. Atmosfære • Gjennomsnittstemperaturen ved jordens overflate i perioden 2011 til 2020 var 1,1ºC varmere enn gjennomsnittstemperaturen på slutten av 1800-tallet (før den industrielle revolusjon) og varmere enn vi har opplevd de siste 100 000 årene. • Hvert av de siste fire tiårene har vært varmere enn noe tidligere tiår siden 1850. Verden varmes i dag raskere enn noen gang i løpet av de siste to tusen årene. • Nivåene av klimagasser i luften fortsetter å stige på grunn av våre utslipp. CO 2-konsentrasjonene er på sitt høyeste på minst to millioner år. Konsentrasjonene av metan og lystgass er på det høyeste på minst 800 000 år (se boksen Hva er klimagasser? på side 6). Land • Nedbøren over land har økt siden 1950-tallet. I de tropiske områdene regner det mer enn før i våte årstider og mindre i tørre årstider. • Mange plantearter og dyrearter har flyttet seg nærmere polene og til høyere områder, for å følge endringene i klimasoner. • For noen plantearter på den nordlige halvkule har vekstsesongen blitt lengre (opptil 14 dager lengre siden 1950-tallet), og totalt sett har overflaten av landarealene blitt grønnere siden tidlig på 1980-tallet. Is • Mange av de frosne delene av jorden smelter eller tiner raskt. Totalt sett avtar snøfallet. Den utbredte tilbaketrekningen av isbreer vi har sett siden 1950 har vi ikke opplevd på minst 2000 år. • Arealet av Polhavet som er dekket av havis om sommeren er nå 40 prosent mindre enn på 1980-tallet. Dette er det laveste på minst tusen år. • Snødekket på den nordlige halvkule har avtatt siden slutten av 1970-tallet, og noen av de landarealene som vanligvis er frosset hele året har blitt varmet opp og tint.",4596,4469,0.97236727589208
"If you would like to learn more about climate change, then you can read the report’s Frequently Asked Questions here: https://www.ipcc.ch/report/ar6/wg1/ resources/frequently-asked-questions/ • Climate Change 2021: Summary for All •5 /• The Greenland and Antarctic ice sheets are shrinking, as are the vast majority of glaciers worldwide, adding huge quantities of water to the oceans. Ocean • 90% of the extra heat associated with global warming has been taken up by the ocean (see box What are greenhouse gases? on page 6). The ocean is now warming faster than at any time in at least 11,000 years. • Sea level has risen globally by about 20 centimetres (approximately 8 inches) since 1900. It is rising faster than at any point in at least 3000 years, and this speed is accelerating. • By absorbing carbon dioxide from the atmosphere, the ocean is becoming more acidic. The surface water of the ocean is now unusually acidic compared with the last 2 million years.","Hvis du vil lære mer om klimaendringene, kan du lese rapportens “Ofte stilte spørsmål” her: https://www.ipcc.ch/report/ar6/wg1/ resources/frequently-asked-questions/ • Klimaendringer 2021: Sammendrag for alle •5 /• Grønlands- og Antarktis-isen krymper, i likhet med de aller fleste isbreer over hele verden, og tilfører havet enorme mengder vann. Hav • 90 prosent av den ekstra varmen knyttet til global oppvarming har blitt tatt opp av havet (se boksen Hva er klimagasser? på side 6). Havet varmes nå opp raskere enn noen gang de siste 11 000 år. • Havnivået globalt har steget med rundt 20 centimeter siden 1900. Det stiger raskere enn noen gang på minst 3000 år, og hastigheten øker. • Ved å absorbere karbondioksid fra atmosfæren blir havet surere. Overflatevannet i havet er nå uvanlig surt sammenlignet med de siste 2 millioner årene.",967,840,0.8686659772492245
"Graphic A • Global warming has triggered widespread changes across the entire climate system. The four main parts of the climate system – the air, the ocean, the land and the ice regions – are all experiencing widespread changes. Km = kilometres. Graphic adapted from IPCC AR6 Working Group I FAQ 2.2, Figure 1 in Chapter 2. https://www.ipcc.ch/report/ar6/wg1/chapter/chapter-2/ Air temperature (in the lowest few km)Atmospheric circulation Water vapour Surface temperature Species range shiftsOcean heat contentSea level Sea surface temperature Species ranges shifts Ocean acidification Growing season lengthGlobal greenness PrecipitationGlaciersIce sheets Snow coverPermafrost extent Arctic sea iceWhat is the evidence for climate change? Taken together, observed changes in the climate system since the late 19th century reveal an unequivocally warming world AIR LANDOCEAN ICE • Climate Change 2021: Summary for All •6 /","Grafikk A • Global oppvarming har utløst massive endringer i hele klimasystemet. De fire hoveddelene av klimasystemet – luft, hav, land og is – opplever alle store endringer. Km=kilometer. Grafikken er utarbeidet med utgangspunkt i Fig. 1, IPCC AR6 WGI FAQ 2.2, i kapittel 2. https://www.ipcc.ch/report/ar6/wg1/chapter/chapter-2/ Luft temperaturAtmosfærisk sirkulasjon Vanndamp Overflate temperatur Arter flytter på segHavets varmeinnholdHavnivå Temperatur ved havoverflaten Arter flytter på seg Havforsuring Forlenget vekstsesongGlobal grønn vegetasjon NedbørIsbreerIskapper SnødekkePermafrostens utbredelse Havis i ArktisKlimaendringene: Hva er bevisene? Observerte endringer i klimasystemet siden slutten av 1800-tallet tyder alle på at verden blir varmere. LUFT LANDHAV IS • Klimaendringer 2021: Sammendrag for alle •6 /",923,824,0.8927410617551462
"What are greenhouse gases? Some gases in our atmosphere – such as carbon dioxide, methane and nitrous oxide – act like an insulation blanket for the Earth. They warm the Earth by making it harder for heat to be released into outer space. Much like adding a blanket around your body heats you up and keeps you warm, or the walls of a greenhouse help keep the air inside warmer than its surroundings. This effect is called the greenhouse effect, and these heat-trapping gases are called greenhouse gases. The greenhouse effect is a natural process that makes the Earth liveable for humans: without the natural greenhouse effect, the global average temperature would be about 33ºC (59°F) colder. However, human activities since the 19th century have emitted more and more greenhouse gases into the atmosphere, mostly from burning fossil fuels (coal, oil and gas), but also from agriculture and cutting down forests. These actions have added to the greenhouse effect, causing global warming. The excess energy is taken up by different parts of the Earth (Graphic B): 91% is absorbed by the oceans, 5% is absorbed by the land, 3% is absorbed by the ice. Only 1% of the extra heat is absorbed by the atmosphere. This warming has caused changes in many aspects of climate. The Earth’ s energy budget and climate change Since at least 1970, there has been a persistent imbalance in the energy flows that has led to excess energy being absorbed by different components of the climate system. IceOceanLand 3%91%Outgoing energy Excess energy accumulatingLess outgoing energy due to greenhouse gasesIncoming solar energyIncoming solar energyStable climate: in balance Today: imbalanced Atmosphere 1% 5%","Hva er klimagasser? Noen gasser i atmosfæren – som karbondioksid, metan og lystgass – fungerer som et isolasjonsteppe for jorden. De varmer opp jorden ved å gjøre det vanskeligere for varme å slippe ut i verdensrommet. På samme måte som det å legge et teppe rundt kroppen din varmer deg opp og holder deg varm, eller veggene i et drivhus bidrar til å holde luften på innsiden varmere enn omgivelsene. Denne effekten kalles drivhuseffekten, og disse varmefangende gassene kalles drivhusgasser. Drivhuseffekten er en naturlig prosess som gjør jorden levelig for mennesker: uten den naturlige drivhuseffekten ville den globale gjennomsnittstemperaturen vært omtrent 33°C kaldere. Menneskelige aktiviteter siden 1800-tallet har imidlertid sluppet ut mer og mer klimagasser til atmosfæren, mest fra forbrenning av fossilt brensel (kull, olje og gass), men også fra jordbruk og hogst av skog. Dette har forsterket drivhuseffekten og forårsaket global oppvarming. Overskuddsenergien tas opp av forskjellige deler av jorden (Grafikk B): 91 prosent absorberes av havene, 5 prosent absorberes av landjorda, 3 prosent absorberes av isen. Bare 1 prosent av den ekstra varmen absorberes av atmosfæren. Denne oppvarmingen har forårsaket endringer i mange aspekter av klimaet. Klimaendringene og jordas energibalanse Siden 1970 har det vært en varig ubalanse i energiflyten, som har ført til at overskuddsenergi blir absorbert av forskjellige deler av klimasystemet. IsHavetLand 3%91%Utgående energi Overskuddsenergi hoper seg oppMindre utgående energi, på grunn av klimagasserInnkommende energi fra solaInnkommende energi fra solaStabilt klima: i balanse I dag: ute av balanse Atmosfære 1% 5%",1690,1678,0.9928994082840237
"Graphic B • The Earth’s energy budget compares the flows of incoming and outgoing energy that are relevant for the climate system. Since at least the 1970s, less energy is flowing out than is flowing in, which leads to excess energy being absorbed by the ocean, land, ice and atmosphere. Graphic adapted from IPCC AR6 Working Group I FAQ 7.1, Figure 1 in Chapter 7. https://www.ipcc.ch/report/ar6/wg1/chapter/chapter-7/ • Climate Change 2021: Summary for All •7 / We are certain that humans are warming the climate All of the observed warming (1.1°C/2°F) we have seen since the pre-industrial era is a result of human activities. In fact, greenhouse gas emissions from human activities would have warmed the Earth even more, by about 1.5ºC (2.7°F) in total, but their warming effect has been partly counteracted by emissions of air pollutants called aerosols, which have an overall cooling effect. Carbon dioxide is the greenhouse gas that contributes the most to the warming, followed by methane and then nitrous oxide. How do we know global warming is not naturally caused? Natural causes of climate change that affect global temperature on short time scales (years to decades) haven’t significantly affected global temperatures since the pre-industrial era. A large volcanic eruption is an example of a natural variability, which can cool global temperatures for a few years but doesn’t alter temperatures on much longer time frames. Graphic C shows how greenhouse gases, air pollutants (aerosols) and natural causes have affected global temperatures since 1850. It is only when climate model simulations include human- caused greenhouse gases that they can recreate temperature observations. This is one of the ways we know that humans are responsible for warming the climate.","Grafikk B • Jordas energibudjsett sammenligner balansen mellom innkommende og utgående energi. Minst siden 1970-tallet har det den utgående energien vært mindre enn den inngående, som har ført til at overskuddsenergi absorberes av hav, land, is og i atmosfæren. Grafikken utarbeidet med utgangspunkt i Fig.1 IPCC WGI FAQ 7.1 i kapittel 7. https://www.ipcc.ch/report/ar6/wg1/chapter/chapter-7/ • Klimaendringer 2021: Sammendrag for alle •7 / Vi er sikre på at mennesker er med å varme opp klimaet All den observerte oppvarmingen (1,1°C) vi har sett siden førindustriell tid er et resultat av menneskelige aktiviteter. Faktisk ville klimagassutslipp fra menneskelige aktiviteter alene ha varmet opp jorden enda mer, med omtrent 1,5°C totalt, men effekten har delvis blitt motvirket av utslipp av partikler, kalt aerosoler, som har en generell avkjølende effekt. Karbondioksid er den drivhusgassen som bidrar mest til oppvarmingen, etterfulgt av metan og deretter lystgass. Hvordan vet vi at global oppvarming ikke er naturlig? Naturlige årsaker til klimaendringer som påvirker den globale temperaturen på korte tidsskalaer (år til tiår) har ikke påvirket den globale temperaturen nevneverdig siden førindustriell tid. Et stort vulkanutbrudd er et eksempel på en naturlig variasjon, som kan avkjøle globale temperaturer i noen år, men som ikke endrer temperaturer på mye lengre tidsskalaer. Grafikk C viser hvordan klimagasser, partikkelutslipp (luftforurensning, kalt aerosoler) og naturlige årsaker har påvirket globale temperaturer siden 1850. Det er først når klimamodellsimuleringer inkluderer menneskeskapte utslipp at de kan gjenskape temperaturobservasjoner. Dette er en av grunnene til at vi vet at mennesker er ansvarlige for dagens globale oppvarming.",1780,1759,0.9882022471910112
"Graphic C • Humans are responsible for warming the climate. Climate model simulations (coloured shading) can only reproduce observed change in global temperature (black) when they include human-caused emissions. This graphic shows how global temperatures change when using climate model simulations that include: greenhouse gases only (red band); or aerosols (air pollutants) and other human drivers only (blue band); or natural causes only (green band); or when all causes are included (grey band). Combined = natural + aerosols + greenhouse gases . Solid/dashed coloured lines show the average of all models and shading shows the uncertainty ranges of the simulations. Graphic adapted from IPCC AR6 Working Group I FAQ 3.1, Figure 1 in Chapter 3. https://www.ipcc.ch/report/ar6/wg1/chapter/chapter-3/ How do we know humans are causing climate change? Observed warming (1850-2019) is only reproduced in simulations including human influence. ObservationsGlobal surface temperature change since 1850 (°C)2.5 2.0 1.5 1.0 0.5 0 -0.5 -1.0 -1.5 1900 1950 2000 2020 1850Combined (Human & natural causes)Greenhouse gases (human) Aerosols (Human)Natural causes • Climate Change 2021: Summary for All •8 /Human-caused climate change is making extreme events more frequent and severe All the regions of the world must now deal with extreme events (such as heatwaves, droughts and heavy rainfalls) that are generally more severe and happening more often. Each region experiences different types of extreme events. Since the 1950s, all inhabited regions have seen more frequent and more intense heatwaves, and fewer and milder cold extremes. Many regions have seen heavier and more intense rainfall events (which can fuel floods). The soils of some regions have become much drier, leading to more severe droughts that negatively impact agriculture, people and nature. In the tropics, the strongest tropical cyclones – also called typhoons or hurricanes – have become more intense. Global warming has also caused some extremes to reach places where they were not previously common (for example, tropical cyclones and extreme heatwaves). Human-caused climate change has increased the chances of seeing multiple extreme weather events occurring at the same time or soon after each other; these are called compound events. Compound events can have even bigger impacts on nature and people than if they happened individually. For example, a drought along with extreme heat will increase the risk of wildfires, death of livestock, or crop failure. With a higher average sea level, a severe storm will increase the risk of simultaneous extreme sea level and heavy rainfall, and thus coastal flooding. How does climate change affect extreme weather events? Larger magnitude Increased frequency New locations Different timing New combinations (compound)","Grafikk C • Mennesker er ansvarlige for at klimaet blir varmere. De observerte temperaturendringene (svart) gjenskapes bare når menneskelig påvirkning legges til i klimamodellenes simuleringer (fargelagte områder). Denne grafikken viser hvordan global temperatur endrer seg når man bruker klimamodeller som inkluderer: kun klimagasser (rødt); eller aerosoler (luftforurensning) og andre mennskeskapte drivere (blått); eller kun naturlige årsaker (grønt); eller når alle årsakene er inkludert (grått). Kombinert= naturlig + aerosoler + klimagasseer . Strekene, prikkete og hele, viser gjennomsnittet for alle modellene, og fargebåndet viser usikkerhetsmarginen. Grafikken er basert på Fig. 3, fra IPCC AR6 WGI FAQ 3.1 i kapittel 3. https://www.ipcc.ch/report/ar6/wg1/chapter/chapter-3/ Hvordan vet vi at mennesker forårsaker klimaendringer? Observert oppvarming (1850-2019) blir bare gjenskapt i simuleringer som inkluderer menneskenes påvirkning. ObservasjonerEndring i global overflatetemperatur siden 1850 (°C)2,5 2,0 1,5 1,0 0,5 0 -0,5 -1,0 -1,5 1900 1950 2000 2020 1850Kombinert (Menneskeskapte og naturlige kilder)Klimagasser (menneskeskapte) Aerosoler (menneskeskapte)Naturlige kilder • Klimaendringer 2021: Sammendrag for alle •8 /Menneskeskapte klimaendringer gjør ekstreme værhendelser hyppigere og mer alvorlige Alle regioner i verden må være forberedt på ekstreme værhendelser (som hetebølger, tørke og store nedbørsmengder) som kommer oftere og er mer alvorlige enn før. Hver region opplever forskjellige typer ekstreme hendelser. Siden 1950-tallet har alle bebodde regioner opplevd hyppigere og mer intense hetebølger, og mindre kulde. Mange regioner har sett hyppigere og mer intense nedbørshendelser (som kan gi næring til flom). Jordsmonnet i noen regioner har blitt mye tørrere, noe som har ført til mer alvorlig tørke som påvirker landbruk, mennesker og natur negativt. I tropene har de sterkeste tropiske syklonene – også kalt tyfoner eller orkaner – blitt mer intense. Global oppvarming har også ført til at noen værekstremer har nådd steder der de ikke tidligere var vanlige (for eksempel tropiske sykloner og ekstreme hetebølger). Menneskeskapte klimaendringer har økt sjansene for å oppleve flere ekstreme værhendelser samtidig eller kort tid etter hverandre; disse kalles sammenfallende ekstremværhendelser. Slike hendelser kan ha enda større innvirkning på natur og mennesker enn om de skjedde hver for seg. For eksempel vil tørke sammen med ekstrem varme øke risikoen for skogbranner, husdyrdød eller avlingssvikt. Med høyere gjennomsnittlig havnivå vil en kraftig storm øke faren for ekstremt havnivå og store nedbørsmengder på samme tid, og dermed kystflom. Hvordan påvirkes ekstremvær av klimaendringer? De blir kraftigere De opptrer hyppigere De kommer nye steder De kommer på nye tidspunkt Vi får nye kombinasjoner (sammenfallende)",2833,2862,1.010236498411578
"Graphic D • Human-caused climate change can affect extreme weather events in multiple ways. Graphic adapted from IPCC AR6 Working Group I FAQ 11.2, Figure 1 in Chapter 11. https://www.ipcc.ch/report/ar6/wg1/chapter/chapter-11/","Grafikk D • Menneskeskapte klimaendringer kan påvirke ekstremvær på flere måter. Grafikken er basert på fig. 1, IPCC AR6 WGI FAQ 11.2 i kapittel 11. https://www.ipcc.ch/report/ar6/wg1/chapter/chapter-11/",226,203,0.8982300884955752
"• Climate Change 2021: Summary for All •9 /Our future climate In order to be prepared for the future, we need to understand how climate will continue to change. Our future is not set in stone: it will depend on many choices we make now and in the coming years. Global warming will continue until at least about 2050 before temperatures can stabilize Climate models show that, even if we strongly reduce greenhouse gas emissions starting now, warming won’t be halted until at least the 2050s. This is because the human activities that cause greenhouse gas emissions cannot stop immediately; it takes time to implement actions to reduce greenhouse gas emissions (even if done ambitiously). Strong reductions in greenhouse gases starting now would slow and reduce this amount of warming. After the 2050s, climate models show very different levels of warming, depending on the actions we take in the near future. For example, if we strongly and rapidly reduce carbon dioxide emissions starting now and throughout the 21st century, warming would be halted by around the middle of the century, reaching around 1.5°C (2.7°F) or 2°C (3.6°F) by the end of the century in these scenarios. On the other","• Klimaendringer 2021: Sammendrag for alle •9 /Vårt fremtidige Klima For å være forberedt på fremtiden, må vi forstå hvordan klimaet vil fortsette å endre seg. Vår fremtid er ikke hugget i stein: den vil avhenge av valg vi tar nå og i årene som kommer. Global oppvarming vil fortsette minst til år 2050 før temperaturene kan stabilisere seg Klimamodeller viser at selv om vi begynner å redusere klimagassutslippene kraftig allerede nå, vil ikke oppvarmingen stoppe før tidligst på 2050-tallet. Dette er fordi de menneskelige aktivitetene som forårsaker klimagassutslipp ikke kan stoppe umiddelbart; det tar tid å implementere tiltak for å redusere klimagassutslipp (selv om de er ambisiøse). Dersom det iverksettes store reduksjoner i klimagasser, vil det bremse og redusere denne typen oppvarming Etter 2050-tallet viser klimamodeller svært forskjellige nivåer av oppvarming, avhengig av hvilke tiltak vi gjør i nær fremtid. For eksempel, hvis vi reduserer karbondioksidutslipp kraftig fra nå og gjennom det 21. århundre, vil oppvarmingen stoppe rundt midten av århundret, og nå mellom 1,5°C og 2°C. På den annen side, hvis utslippene forblir de samme eller øker, vil temperaturene fortsette å stige. I",1191,1203,1.0100755667506298
"What are climate models? Climate models are computer tools that scientists use for understanding past, present and future climate changes. They are computer programs that simulate the Earth’s climate, based on fundamental laws of physics, chemistry and biology of the atmosphere, ocean, ice and land. Some models include more processes, complexity and detail than others. So, the resulting simulated climates can vary between models. That is why the IPCC always looks at results from many climate models to understand which findings we can be more certain about. Scientists test climate models by comparing their results with past observations and paleo (very old) evidence. If models accurately simulate the changes we have observed on the Earth in the past, this gives us confidence that they capture the most important climate processes. The models can then be used to identify what has caused these past changes, and also to explore how the climate could change in the future, depending on our actions. Of course, there is no way to know exactly how human-caused emissions of greenhouse gases and air pollutants will change in the future. But scientists can explore different possibilities: for example, by modelling futures where emissions of greenhouse gas are strongly reduced or, alternatively, futures where greenhouse emissions remain high. They can explore how these futures would affect things like sea level rise, extreme events and air pollution, among many others.","Hva er klimamodeller? Klimamodeller er dataverktøy som forskere bruker for å forstå tidligere, nåværende og fremtidige klimaendringer. Det er dataprogrammer som simulerer jordens klima, basert på grunnleggende lover om atmosfæren, havet, isen og landjorda, knyttet til fysikk, kjemi og biologi. Noen modeller inkluderer flere prosesser og er mer komplekse og detaljert enn andre, så de simulerte klimatilstander kan variere mellom modellene. Derfor vurderer IPCC alltid resultater fra mange klimamodeller for å forstå hvilke funn vi kan være mest sikre på. Forskere tester klimamodeller ved å sammenligne resultatene med tidligere observasjoner og paleodata (informasjon om førhistorisk tid). Hvis modeller klarer å gjenskape endringene vi har observert på jorden tidligere, gir dette oss tillit til at de fanger opp de viktigste klimaprosessene. Modellene kan deretter brukes til å identifisere hva som har forårsaket disse tidligere endringene, og også til å utforske hvordan klimaet kan endre seg i fremtiden, avhengig av våre handlinger. Selvfølgelig er det ingen måte vi kan vite nøyaktig hvordan menneskeskapte utslipp av klimagasser og partikler vil endre seg i fremtiden. Men forskere kan se på ulike muligheter: for eksempel ved å modellere en fremtid der utslippene av klimagasser reduseres sterkt, eller alternativt en fremtid der klimagassutslippene forblir høye. De kan utforske hvordan disse scenariene vil påvirke for eksempel havnivåstigning, ekstremvær og luftkvalitet.",1479,1486,1.0047329276538202
"• Climate Change 2021: Summary for All •10 /hand, if emissions remain the same or increase, temperatures will continue to rise. In climate models that look at very high levels of greenhouse gas emissions, warming reaches around 4.5°C (8°F) by the end of the century. See also the section later in this summary titled Global temperatures will only stabilize when we stop adding more carbon dioxide to the atmosphere on page 13. The world will most likely reach 1.5°C (2.7°F) global warming in the period 2021–2040 (we reached 1.1°C/2°F already in the last decade). But unless there are rapid, strong and sustained reductions in greenhouse gas emissions, limiting warming to 1.5°C (2.7°F) or even 2°C (3.6°F) will be impossible. Extremes will get worse. The water cycle will intensify and be more variable Many aspects of climate change will continue to increase as the Earth becomes warmer (see Graphic E). Heatwaves, heavy rainfall and droughts will continue to become more severe and more frequent. Rainfall over land, including monsoon rainfalls, will become more variable and intense: some areas will get drier, others will get wetter. Further warming will also amplify the thawing (defrosting) and melting of many frozen parts of the world, such as snow cover, glaciers, frozen ground and Arctic sea ice. For instance, it is estimated that the Arctic Ocean will be effectively free of sea ice at its lowest point in summer (September) at least once before 2050. Tropical cyclones will get stronger. Graphic E shows how some climate changes will become more severe at 1.5°C (2.7°F), 2°C (3.6°F) and 4°C (7.2°F) global warming. Temperature Drought A drought that used to occur once in a decade now happens x times moreHottest day in a decade (+°C) Proportion of intense tropical cyclones (%)Snow cover extent change (%)What used to be a wettest day in a decade now happens x times more Tropical cyclonesSnowPrecipitation+1.1°C Today (+0.7 to 1.5°C) (x0.7 to 4.1)x1.7 (x1.2 to1.4)x1.3 (-3 to 1)-1% (+1.8 to 3.1°C) (x1.6 to 2.0) (-13 to 2)(x1.3 to 5.8)+2.6°C x2.4 +13%-9%x1.7+2°C (+4.3 to 5.8°C) (x2.3 to 3.6) (-35 to -15)(x1.7 to 7.2)+5.1°C x4.1 +20%-26%x2.7+4°C +1.2°C +1.5°C +1.9°C (+1.3 to 2.3°C) (x1.4 to 1.7) (-7 to 2)(x1.0 to 5.1)x2.0 +10%-5%x1.5Changes get larger with every increment of global warming","• Klimaendringer 2021: Sammendrag for alle •10 /klimamodeller som ser på svært høye nivåer av klimagassutslipp, når oppvarmingen rundt 4,5°C ved slutten av århundret. Se også avsnittet senere i dette sammendraget med tittelen Globale temperaturer vil bare stabilisere seg når vi slutter å tilsette mer karbondioksid til atmosfæren på side 13. Verden vil mest sannsynlig nå 1,5°C global oppvarming i perioden 2021–2040 (vi nådde 1,1°C allerede det siste tiåret). Men med mindre vi får til raske, sterke og vedvarende reduksjoner i klimagassutslipp, vil det være umulig å begrense oppvarmingen til 1,5 °C eller til og med 2°C. Ekstremvær vil bli kraftigere. Vannets kretsløp vil intensiveres og bli mer variabelt. Mange sider ved klimaendringene vil fortsette å øke etter hvert som jorden blir varmere (se Grafikk E). Hetebølger, kraftig nedbør og tørke vil forekomme hyppigere og bli mer alvorlige. Nedbør, inkludert monsunregn, vil bli mer variert og intenst: Noen områder vil bli tørrere, andre våtere. Ytterligere oppvarming vil også forsterke tining og smelting av mange frosne deler av verden, som snødekke, isbreer og arktisk havis. For eksempel er det beregnet at det at Polhavet vil være fritt for havis om sommeren (september) minst én gang før 2050. Tropiske sykloner vil bli sterkere. Grafikk E viser hvordan noen klimaendringer vil bli mer alvorlige ved 1,5°C, 2°C og 4°C global oppvarming. Temperatur Tørke En tørke som brukte å oppstå en gang i tiåret skjer nå x ganger oftereVarmeste dag i et tiår (+°C) Andel av kraftige tropiske sykloner (%) Endringer i snødekke (%)Det som brukte å være den våteste dagen, oppstår nå x ganger oftere Tropiske syklonerSnøNedbør+1,1°C I dag (+0,7 til 1,5°C) (x0,7 til 4,1)x1,7 (x1,2 til1,4)x1,3 (-3 til 1)-1% (+1,8 til 3,1°C) (x1,6 til 2,0) (-13 til 2)(x1,3 til 5,8)+2,6°C x2,4 +13%-9%x1,7+2°C (+4,3 til 5,8°C) (x2,3 til 3,6) (-35 to -15)(x1,7 til 7,2)+5,1°C x4,1 +20%-26%x2,7+4°C +1,2°C +1,5°C +1,9°C (+1,3 til 2.3°C) (x1,4 til 1,7) (-7 til 2)(x1,0 til 5,1)x2,0 +10%-5%x1,5Endringene blir større etter hvert som verden blir varmere",2310,2080,0.9004329004329005
"Graphic E • Climate changes become more severe with every increment of global warming. How temperature extremes, droughts, heavy rainfall (precipitation) events, snow cover and tropical cyclones change at different levels of global warming compared with the late 19th Century (1850–1900). Today here is the average over 2011–2020. For example, the hottest day in a decade now is already +1.2°C (2.2°F) hotter than compared with the hottest day in a decade before the industrial revolution. By 1.5°C (2.7°F) global warming, it would be around +1.9°C (3.4°F) hotter, by 2°C (3.6°F) global warming it would be around +2.6°C (4.7°F) hotter and by 4°C (7.2°F) global warming it would be around +5.1°C (9.2°F) hotter. Graphic adapted from IPCC AR6 Working Group I Infographic TS.1 in the Technical Summary. https://www.ipcc.ch/report/ar6/wg1/figures/technical-summary/ts-infographics-figure-1 • Climate Change 2021: Summary for All •11 / Climate change and regional patterns Climate change is not uniform and proportional to the level of global warming. Precipitation will increase in high latitudes, the tropics and monsoon regions and decrease in the subtropicsWarming will be stronger in the Arctic, on land and in the Northern Hemisphere Warmer Wetter Drier+1.5°C +3.0°C 1°C 3°C 5°C 0% -40% -20% 20% 40% Graphic F • All regions of the world will experience further climate changes, and these changes will be different depending on where you are. Changes in annual average temperatures and rainfall (precipitation) at global warming of 1.5°C (2.7°F) and 3°C (5.4°F) compared with the late 19th Century (1850–1900). The colour scales at the bottom of the graphic show the size of these changes as percentages. Some changes may be relatively large in terms of percentage even if the actual change is relatively small. For example, in very dry areas like the Sahara, even a small increase in actual precipitation shows as a relatively larger percentage increase. Graphic adapted from IPCC AR6 Working Group I FAQ 4.3, Figure 1. https://www.ipcc.ch/report/ar6/wg1/chapter/chapter-4/All regions of the world will experience further climate changes Warming will continue to be different around the globe, being stronger over the land compared to over the ocean and strongest in the Arctic. Each region is unique and affected by climate change in its own way. The greater the warming, the larger and more widespread the climate changes are in each region. Graphic F shows how temperature and rainfall will change at 1.5°C (2.7°F) and 3°C (5.4°F) global warming. As a result, extreme weather events will more likely occur together, worsening the overall effect. For instance, heatwaves and droughts can occur at the same time or shortly after each other. In the IPCC Interactive Atlas, you can explore the different climate changes in your region: https://interactive-atlas.ipcc.ch/ Climate will always be affected by natural variability on time frames of years to decades There are natural factors that affect global temperature on relatively short time scales (years to decades, see Graphic C). These normal variations in climate, known as natural variability, will continue in the future, as they have done in the past. When combined with human-caused climate changes, the consequences of natural variability can either be larger or smaller than projected. An example of natural variability is a phenomenon found in the • Climate Change 2021: Summary for All •12 /tropical Pacific called the El Niño–Southern Oscillation, or ENSO. This is a climate pattern that changes every two to seven years, and can (among other things) alter the chances of wildfires and heavy rainfall in many regions of the world for several months. For those affected regions, ENSO can make the human- caused changes to rainfall and wildfires a bit larger, or smaller, for that short period of time. It is important for communities to consider natural variability when preparing for future climate changes over short time scales. There’s always a chance that future changes could be a bit stronger (or a bit weaker) than projected – but these natural factors will have little effect on long-term trends. Many changes will continue for hundreds or thousands of years The atmosphere warms relatively quickly in response to greenhouse gas emissions, but some elements of the climate system react very slowly to a warming world. Changes like deep ocean warming, Greenland and Antarctica ice sheet melting, and sea level rise are slow to respond to the atmosphere warming but will continue to change for centuries, if not millennia. These changes are called irreversible because they would continue to change even if greenhouse gases or global temperatures were brought back down again. Taking sea level rise as an example: even if we stabilize global warming to 1.5°C (2.7°F), sea level would still rise 2–3 metres (7–10 feet) over the coming 2000 years and 6–7 metres (20–23 feet) over the coming 10,000 years. Low-likelihood outcomes are climate changes that we think are not likely to happen, but we cannot rule them out There are some climate change events that we think are not likely to happen, or their likelihood is hard to know, but we cannot entirely rule them out. If they do occur, the consequences would be very serious. Those events are called low-likelihood, high impact outcomes and include the collapse of the Earth’s ice sheets (causing much larger, faster sea level rise) or massive forest dieback (that would release a large amount of carbon dioxide to the atmosphere and reduce the amount being removed by nature). Given their huge potential consequences, it is important to keep those outcomes in mind when planning for the future. Nature will remove relatively less of our carbon dioxide from the atmosphere in the future compared to the past, unless we reduce our emissions The land vegetation and ocean remove roughly half of the carbon dioxide that humans emit to the atmosphere. This fraction of carbon dioxide removal has not really changed over the past 60 years – human activities have emitted more and more carbon dioxide into the atmosphere but the land vegetation and ocean have also removed more carbon dioxide. This is why the oceans have become more acidic, because when carbon dioxide dissolves in water, it reacts to make the seawater more acidic. However, climate modelling shows that if we carry on emitting more and more carbon dioxide into the atmosphere, the relative amount being naturally removed by the land vegetation and ocean would decline. So, what does this mean? The bottom line is that nature helps us less when we emit more carbon dioxide compared to if we reduce our emissions.","Grafikk E • Klimaendringene blir mer alvorlige etter hvert som verden blir varmere. Hvordan ekstreme temperaturer, tørke, kraftig nedbør, snødekke og tropiske sykloner endrer seg med forskjellige nivåer av klimaendringer, sammenlignet med slutten av 1800-tallet (1850–1900). I dag her er gjennomsnittet 2011–2020. For eksempel er den varmeste dagen i et tiår er nå allerede +1,2°C varmere sammenlignet med den varmeste dagen per tiår før den industrielle revolusjon. Når global oppvarming når 1,5°C, så vil den varmeste dagen i et tiår være +1,9°C varmere. Innen verden når 2°C så vil tilsvarende dag være +2,6°C, og når global oppvarming når 4°C så vil den være 5,1°C varmere. Grafikken er basert på Infographic TS.1 in IPCC AR6 WGI Technical Summary. https://www.ipcc.ch/report/ar6/wg1/figures/technical-summary/ts-infographics-figure-1 • Klimaendringer 2021: Sammendrag for alle •11 / Klimaendringene og regionale mønstre Klimaendringene er ikke de samme over alt, og ikke nødvendigvis proposjonal med den globale oppvarmingen. Nedbøren vil øke ved høye breddegrader, i tropene og i monsun-regionene, og gå ned i subtropiske strøkOppvarmingen vil være kraftigere i Arktis, over landområder og på den nordlige halvkule Varmere Våtere Tørrere+1,5°C +3,0°C 1°C 3°C 5°C 0% -40% -20% 20% 40% Grafikk F • Alle regioner vil oppleve ytterligere klimaendringer. Endringene vil være forskjellige, avhengig av hvor du er. Endringer i gjennomsnittlig årstemperatur og -nedbør ved oppvarming på 1,5°C og 3°C sammenlignet med slutten av 1800-tallet (1850–1900). Fargepalletten i bunnen av grafikken viser at de prosentvise endringene kan bli relativt store, selv om de faktiske tallene er ganske små. I tørre områder, som Sahara for eksempel – så vil selv en liten økning faktisk nedbør, være en stor prosentvis økning. Grafikken er basert på fig.1 IPCC AR 6 WGI FAQ 4.3. https://www.ipcc.ch/report/ar6/wg1/chapter/chapter-4/Alle verdens regioner vil fortsatt oppleve klimaendringer Oppvarmingen vil fortsatt være ulik rundt om på kloden, og vil være sterkere over landjorda sammenlignet med over havet og sterkest i Arktis. Hver region påvirkes av klimaendringene på sin egen måte. Jo større oppvarming, jo større og mer utbredt er klimaendringene i hver region. Grafikk F viser hvordan temperatur og nedbør vil endre seg ved 1,5°C og 3°C global oppvarming. Som et resultat vil ekstreme værhendelser mest sannsynlig oppstå sammen, noe som forverrer den totale effekten. For eksempel kan hetebølger og tørke oppstå samtidig eller kort tid etter hverandre. I IPCC Interactive Atlas kan du utforske de forskjellige klimaendringene i din region: https://interactive-atlas.ipcc.ch/ Klima vil alltid bli påvirket av naturlig variasjon over tidsskalaer fra år til tiår Naturlige faktorer påvirker den globale temperaturen på relativt korte tidsskalaer (år til tiår, se Grafikk C). Disse normale variasjonene i klimaet, kjent som naturlig variasjon, vil fortsette i fremtiden, slik de har gjort tidligere. Naturlige variasjoner kan både forsterke og begrense konsekvensene av menneskeskapte klimaendringer. Et eksempel på naturlig variasjon er et fenomen som finnes i det tropiske Stillehavet kalt El Niño/La Nina, • Klimaendringer 2021: Sammendrag for alle •12 /eller ENSO-variasjonene. Dette er et klimamønster som endres hvert annet til syvende år, og kan (blant annet) påvirke risikoen for skogbranner og kraftig nedbør i mange regioner i verden i flere måneder. For de berørte regionene kan ENSO gjøre menneskeskapte endringer knyttet til nedbør og skogbranner litt større, eller mindre, for den korte perioden. Det er viktig for lokalsamfunn å ta hensyn til naturlig variasjon når de forbereder seg på fremtidige klimaendringer. Det er alltid en sjanse for at fremtidige endringer kan være litt sterkere (eller svakere) enn beregnet - men disse naturlige faktorene vil ha liten effekt på langsiktige trender. Mange endringer vil fortsette i hundrevis eller tusenvis av år Atmosfæren varmes opp relativt raskt som respons på klimagassutslipp, men enkelte elementer i klimasystemet reagerer veldig sakte på at verden varmes opp. Endringer som oppvarming av dyphavet, smelting av isdekket på Grønland og Antarktis, og havnivåstigning reagerer sakte på oppvarmingen av atmosfæren, men vil fortsette å endre seg i århundrer, om ikke årtusener. Disse endringene kalles irreversible fordi de ville fortatt å endre seg selv om klimagasser eller globale temperaturer ble redusert. La oss ta havnivåstigningen som eksempel: selv om vi stabiliserer den globale oppvarmingen på 1,5°C vil havnivået fortsatt stige 2–3 meter i løpet av de kommende 2000 årene og 6–7 meter i løpet av de neste 10 000 årene. Konsekvenser med lav sannsynlighet, er utfall av klimaendringene som det er lite trolig at vil inntreffe men som vi likevel ikke helt kan utelukke Det er noen utfall av klimaendringene som vi tror er mindre sannsynlige at inntreffer, men hvor konsekvensene vil være svært alvorlige. Derfor kan vi ikke se helt bort i fra dem. Slike hendelser sier vi har lav sannsynlighet og høy konsekvens. Eksempler på slike er raskt tap av innlandsisen i Antarktis eller Grønland (som vil føre til mye raskere og kraftigere havnivåstigning), eller massiv skogsdød (som vil frigjøre store mengder CO 2 til atmosfæren, og redusere mengden som blir tatt opp igjen av naturen). Gitt de potensielt enorme konsekvensene er det viktig å ha disse mulighetene i bakhodet når vi planlegger for framtiden. Hvis vi ikke reduserer utslippene våre, vil naturen i framtiden fjerne mindre CO2 fra atmosfæren, sammenlignet med hva den har gjort fram til i dag Vegetasjonen på land, og havet fjerner omtrent halvparten av den mengden CO 2 som menneskene slipper ut til atmosfæren. Dette har ikke endret seg de siste 60 årene. Menneskelig aktivitet har sluppet ut mer og mer CO 2 til atmosfæren, men vegetasjon og hav har også tatt opp mer CO 2. Denne økte mengden CO 2 i vannet er grunnen til at havet har blitt surere. Klimamodeller viser at dersom vi fortsetter å slippe ut stadig mer CO 2 til atmosfæren, så vil andelen som tas opp av vegetasjon og hav gå ned. Og hva betyr det? Alt i alt, betyr det at naturen hjelper oss mindre når vi slipper ut mer CO 2, enn hvis vi reduserer utslippene våre.",6695,6247,0.9330843913368185
"• Climate Change 2021: Summary for All •13 /Limiting future climate change This summary only covers how to limit further climate change from a physical science perspective because it is based on the IPCC report that looks at the science behind climate change (Working Group I: https:// www.ipcc.ch/report/ar6/wg1/). The IPCC report on adaptation (Working Group II: https://www.ipcc.ch/ report/ar6/wg2/) describes how climate changes affect humans and other species and the options to adapt to these changes. The report on emissions reductions and other mitigation efforts (Working Group III: https://www.ipcc.ch/report/ar6/wg3/) describes our options to limit or reverse future climate change. Global temperatures will only stabilize when we stop adding more carbon dioxide to the atmosphere Carbon dioxide remains in the atmosphere for a very long time – some of it for centuries to millennia. Adding more carbon dioxide to the atmosphere will cause further warming (See box What are green - house gases? on page 6). So, to stop temperatures from increasing even more, we need to either stop all carbon dioxide emissions from human activities or reach a point where any remaining emissions of carbon dioxide are balanced by activities that remove and store carbon dioxide for a very long time. This is called net-zero carbon dioxide emissions. If our future emissions of carbon dioxide are very small but still larger than the amount we remove from the atmosphere, then the world will still continue to warm, albeit at a slower rate. But if carbon dioxide emissions and removals are balanced (i.e., net-zero) then global temperatures will stabilize. Of course, carbon dioxide is only one of the human-caused greenhouse gases that cause global warming. Strong, rapid and sustained reductions in other greenhouse gases like methane and nitrous oxide are also needed to limit climate change If this can be achieved then global temperatures can be stabilized. However, this would not mean that global temperatures go back down to previous levels. This is why many of the climate changes that have happened already cannot be reversed, only stopped, slowed, or stabilized. The amount of carbon we can release into the atmosphere and still keep global temperature to around 1.5°C (2.7°F) global warming is small compared to what we have already released: about 500 GtCO2 (calculated starting from 2020) compared to the approximately 2500 GtCO2 that we have emitted already (1 Gt = 1 gigaton = 1 billion tons). This is roughly equal to only a few years left of current emissions.","• Klimaendringer 2021: Sammendrag for alle •13 /Hvordan begrense framtidens klimaendringer Dette sammendraget dekker bare hvordan vi skal begrense ytterligere klimaendringer fra et fysisk perspektiv, ettersom det er basert på den delen av klimarapporten som ser på den naturvitenskapelige klimaforskningen (Arbeidsgruppe I: https://www.ipcc.ch/report/ar6/wg1/ ). IPCC-rapporten om tilpasning (Arbeidsgruppe II: https://www.ipcc.ch/report/ar6/wg2/ ) beskriver hvordan klimaendringer påvirker mennesker og andre arter og mulighetene for å tilpasse seg disse endringene. Rapporten om utslippsreduksjoner og andreutslippsreduserende tiltak (Arbeidsgruppe III: https://www.ipcc.ch/report/ar6/wg3/ ) beskriver våre muligheter for å begrense eller reversere fremtidige klimaendringer. Global temperatur vil kun stabiliseres når vi slutter å tilføre ekstra CO2 til atmosfæren Når CO 2-konsentrasjonen først er økt, kan det ta hundrevis til tusenvis av år før den tas ned igjen av naturlige prosesser. Videre utslipp av CO 2 vil derfor bidra til mer oppvarming (Se boksen Hva er klimagasser? på side 6). For å stanse temperaturøkningen, må vi enten stanse alle CO 2-utslipp fra menneskelig aktivitet, eller nå et punkt hvor våre gjenværende utslipp balanseres av aktiviteter som fjerner og lagrer utslipp. Dette kalles netto null CO 2-utslipp. Hvis fremtidige CO 2-utslipp er lave, men fortsatt større enn de vi fjerner fra atmosfæren, vil oppvamringen fortsette, om enn med lavere hastighet. Først når utslippene og CO 2-fjerningen er i balanse (altså netto null), vil global temperatur stabilisere seg. CO 2 er imidlertid bare én av flere klimagasser fra menneskelige aktiviteter som forårsaker global oppvarmingen. Det trengs kraftige, raske og varige kutt også i andre klimagassutslipp, som metan og lystgass, for å begrense klimaendringene Oppnår vi dette kan vi stabilisere global temperatur. Men dette betyr ikke at temperaturen går tilbake til tidligere nivåer. Dette er grunnen til at mye av de klimaendringene som allerede har skjedd ikke lar seg reversere, men bare stanses, bremses eller stabiliseres. Sammenlignet med hva vi allerede har sluppet ut, kan vi slippe ut veldig lite karbon i atmosfæren hvis vi skal begrense oppvarmingen til omtrent 1,5 grader: Omtrent 500 GtCO 2 (beregnet fra 2020), sammenlignet med de omtrent 2400 GtCO 2 som vi har sluppet ut allerede (1 Gt = 1 gigatonn = 1 milliard tonn). Dette tilsvarer bare noen få år med dagens utslipp.",2572,2463,0.9576205287713841
"• Climate Change 2021: Summary for All •14 /Reducing greenhouse emissions would also improve air quality Air pollution leads to millions of premature deaths and poorer health worldwide every year. Climate change and air quality are closely connected, because many of the human activities that produce greenhouse gases also emit air pollutants. Therefore, if we take action to reduce greenhouse gas emissions then we often also reduce emissions of other substances (like aerosols) that cause air pollution. So, strong actions to reduce climate change would also improve air quality. With rapid and sustained reductions in greenhouse emissions, we would clearly see the effect on global temperature in 20 years Immediate and sustained reductions of greenhouse gas emissions would slow down global warming within a decade, but it could take twenty years or so before we would clearly see temperatures stabilize. This slowdown of warming would initially be masked by natural variability (see section Climate change will always be affected by natural variability on time frames of years to decades on page 11). And, because it takes time, the longer we wait to take action, the longer it will be before we see the benefits of those actions.","• Klimaendringer 2021: Sammendrag for alle •14 / Å redusere utslippene av klimagasser, vil også forbedre luftkvaliteten Hvert år fører luftforurensning til millioner av for tidlige dødsfall og helseplager over hele verden. Klimaendringer og luftkvalitet henger sammen, fordi flere av de menneskelige aktivitetene som slipper ut klimagasser også forurenser luften. Hvis vi tar grep for å redusere klimagassutslipp, vil vi derfor også redusere utslippene av andre stoffer (som for eksempel aerosoler) som forårsaker luftforurensning. Kraftige grep for å redusere klimaendringene vil dermed også forbedre luftkvaliteten. Med raske og varige reduksjoner i klimagassutslippene, vil vi klart kunne merke en lavere økning i global oppvarming i løpet av 20 år Umiddelbare og varige reduksjoner i klimagassutslippene vil bremse global oppvarming i løpet av et tiår, men det kan ta omtrent 20 år før vi vil se tydelige tegn til at temperaturen stabiliserer seg. Denne nedbremsingen vil i starten være kamuflert av naturlige variasjoner (se Klimaendringer vil alltid være påvirket av naturlig variasjon, på side 11). Dette er prosesser som tar tid. Så jo lenger vi venter, dess lenger tid vil det ta før vi ser de positive resultatene.",1235,1224,0.9910931174089069
"• Climate Change 2021: Summary for All •15 /About this summary The Intergovernmental Panel on Climate Change (IPCC) is the United Nations body that produces scientific reports on our current understanding of climate change. It contains three main Working Groups that cover different topics of climate change: Working Group I looks at the physical climate changes, Working Group II looks at the impacts these changes have on people and ecosystems, as well as how we can adapt to our changing climate, and Working Group III looks at how climate change can be reduced or stopped (mitigation). The Working Groups publish climate change reports about once every 8 years. The IPCC doesn’t do its own research but bases its reports on the published scientific evidence (scientific literature, datasets, etc). This document is a plain-language summary of the IPCC Working Group I climate change report released in August 2021. It was written by members of the Working Group I Technical Support Unit (WGI TSU) and several authors of the report. Additionally, many volunteers offered feedback and guidance along the way. It has not undergone the same approval process that official IPCC documents undergo, such as the Summary for Policymakers. This summary was written and reviewed by: Sarah Connors (WGI TSU), Sophie Berger (WGI TSU), Clotilde Péan (WGI TSU), Govindasamy Bala (Chapter 4 author), Nada Caud (WGI TSU), Deliang Chen (Chapter 1 author), Tamsin Edwards (Chapter 9 author), Sandro Fuzzi (Chapter 6 author), Thian Yew Gan (Chapter 8 author), Melissa Gomis (WGI TSU), Ed Hawkins (Chapter 1 author), Richard Jones (Atlas Chapter author), Robert Kopp (Chapter 9 author), Katherine Leitzell (WGI TSU), Elisabeth Lonnoy (WGI TSU), Douglas Maraun (Chapter 10 author), Valérie Masson-Delmotte (WGI Co-Chair), Tom Maycock (WGI TSU), Anna Pirani (WGI TSU), Roshanka Ranasinghe (Chapter 12 author), Joeri Rogelj (Chapter 5 author), Alex C. Ruane (Chapter 12 author), Sophie Szopa (Chapter 6 author) and Panmao Zhai (WGI Co-Chair). Thank you very much to our external contributors for their comments on this document: Dorsaf ben Saad (University Student), Felix Franck (Interpreter), Giulia Gennari (Programme Assistant), Jonathan Gregory (WGI Fifth Assessment Report Chapter 13 author), Suzie Marshall (University Student), Ellen Pym (Sales and Marketing Partner), Max Paoli (Programme Coordinator), Kavya Pathak (School Student), Alexandrine Péan (University Student), Eleanor Pearce (TV Promotions Executive), Nicolle Pinson (Retired Translator), Cyrus Robert Perry Tignor (School student) and Jessica Vial (Climate Educator). Graphics were created by Nigel Hawtin (Information Designer). Cartoons were drawn by Katherine Leitzell (WGI TSU). Front cover artwork was painted by Sarah Connors (WGI TSU). The template and the layout were made by Clotilde Péan (WGI TSU). IPCC Graphics are subject to IPCC copyright. Cartoons and cover artwork are sharable under CC-BY-NC licensing. Thank you to everyone who contributed to this summary. WORKING GROUP I TECHNICAL SUPPORT UNIT This document has not been subject to formal IPCC review processes.","• Klimaendringer 2021: Sammendrag for alle •15 /Om dette sammendraget FNs Klimapanel (IPCC), er et FN-organ som skriver vitenskapelige rapporter om vår forståelse av klimaendringene. Klimapanelet består av tre arbeidsgrupper som dekker forskjellige tema knyttet til klimaendringene: Arbeidsgruppe 1 tar for seg de fysiske klimaendringene, Arbeidsgruppe 2 ser på hvilke konsekvenser disse endringene har på folk og økosystem – samt hvordan vi skal tilpasse oss disse klimaendringene, og Arbeidsgruppe 3 ser på hvordan klimaendringene kan bremses eller stanses (utslippskutt). Arbeidsgruppene publiserer klimarapporter omtrent en gang hvert åttende år. Klimapanelet utfører ikke egen forskning, men baserer rapportene på publiserte vitenskapelig materiale (forskningslitteratur, datasett osv.) Dette dokumentet er et sammendrag av arbeidet til Klimapanelets Arbeidsgruppe 1, formulert med et enkelt språk. Teksten er skrevet av medlemmer av Arbeidsgruppe 1 sin tekniske støtteenhet (TSU) og flere av forfatterne i rapporten. I tillegg har flere frivillige gitt tilbakemeldinger i løpet av prosessen. Denne teksten har ikke gått igjennom samme godkjenningsrunde som andre offisielle FN-dokumenter, slik som for eksempel sammendraget for beslutningstakere. Dette sammendraget er skrevet og gjennomgått av: Sarah Connors (WGI TSU), Sophie Berger (WGI TSU), Clotilde Péan (WGI TSU), Govindasamy Bala (forfatter, kapittel 4), Nada Caud (WGI TSU), Deliang Chen (forfatter, kapittel 1), Tamsin Edwards (forfatter, kapittel 9), Sandro Fuzzi (forfatter, kapittel 6), Thian Yew Gan (forfatter, kapittel 8), Melissa Gomis (WGI TSU), Ed Hawkins (forfatter, kapittel 1), Richard Jones (forfatter, atlas-kapittelet), Robert Kopp (forfatter, kapittel 9), Katherine Leitzell (WGI TSU), Elisabeth Lonnoy (WGI TSU), Douglas Maraun (forfatter, kapittel 10), Valérie Masson-Delmotte (WGI Co-Chair), Tom Maycock (WGI TSU), Anna Pirani (WGI TSU), Roshanka Ranasinghe (forfatter, kapittel 12), Joeri Rogelj (forfatter, kapittel 5), Alex C. Ruane (forfatter, kapittel 12), Sophie Szopa (forfatter, kapittel 6) and Panmao Zhai (WGI Co-Chair). Takk også til våre eksterne bidragsytere for kommentarer: Dorsaf ben Saad (student), Felix Franck (tolk), Giulia Gennari (programassistent), Jonathan Gregory (Forfatter, WGI, kapittel 13, femte hovedrapport), Suzie Marshall (student), Ellen Pym (Salgs og markedsføringspartner), Max Paoli (Programkoordinator), Kavya Pathak (elev), Alexandrine Péan (student), Eleanor Pearce (reklameleder), Nicolle Pinson (pensjonert oversetter), Cyrus Robert Perry Tignor (student) and Jessica Vial (klima-underviser). Grafikk: Nigel Hawtin (Informasjonsdesigner). Tegninger: Katherine Leitzell (WGI TSU). Forsiden er malt av: Sarah Connors (WGU TSU). Maler og layout er laget av Clotilde Péan (WGI TSU). IPCC grafikk er rettighetsbelagt av FNs klimapanel. Tegninger og forsidekunst kan deles under en CC-BY-NC lisens. Oversettelse til norsk er gjort av CICERO Senter for klimaforskning: Hege Fantoft Andreassen, Eilif Ursin Reed, Jan Fuglestvedt, Bjørn Samset. Oversetteren er ansvarlig for det oversatte innholdet. Dette er ikke en offisiell oversettelse fra FNs klimapanel. Takk til alle som har bidratt til dette sammendraget. WORKING GROUP I TECHNICAL SUPPORT UNIT Dette dokumentet har ikke vært underlagt godkjenning fra FNs klimapanel.",3134,3343,1.066687938736439
